name:ID(Interests and Hobbies-ca),:LABEL
Adventure travel,Interests and Hobbies
Air travel,Interests and Hobbies
Beer,Interests and Hobbies
Beginning investing,Interests and Hobbies
CPI - Consumer Price Index,Interests and Hobbies
Coffee,Interests and Hobbies
Commodities,Interests and Hobbies
Common Medication,Interests and Hobbies
Community Health Centers,Interests and Hobbies
Cooking,Interests and Hobbies
Counseling and psychotherapy,Interests and Hobbies
Credit,Interests and Hobbies
Cuisines,Interests and Hobbies
Dining Out,Interests and Hobbies
Drink Experience,Interests and Hobbies
Federal Reserve,Interests and Hobbies
Financial Literacy,Interests and Hobbies
Financial planning,Interests and Hobbies
Fitness Blogs,Interests and Hobbies
Food Blogs,Interests and Hobbies
Food experience,Interests and Hobbies
GDP - Gross Domestic Product,Interests and Hobbies
GPS and maps,Interests and Hobbies
Holiday Party,Interests and Hobbies
Hunting,Interests and Hobbies
Inflation,Interests and Hobbies
Insurance,Interests and Hobbies
Jobs,Interests and Hobbies
Liquor and spirits,Interests and Hobbies
Mortgage,Interests and Hobbies
Mortgage Rates,Interests and Hobbies
National parks,Interests and Hobbies
Online Marketing,Interests and Hobbies
Organic foods,Interests and Hobbies
Saving and finance,Interests and Hobbies
Soda,Interests and Hobbies
Stocks & indices,Interests and Hobbies
Stress Management,Interests and Hobbies
Sunscreen,Interests and Hobbies
Tax planning,Interests and Hobbies
Taxes,Interests and Hobbies
Traffic,Interests and Hobbies
Travel Actions,Interests and Hobbies
Water,Interests and Hobbies
Whiskey,Interests and Hobbies
Wine,Interests and Hobbies
