hashtag:ID(Hashtag),:LABEL
1u,Hashtag
2022CAGeneralElection,Hashtag
2022Election,Hashtag
2A,Hashtag
988Lifeline,Hashtag
ACA,Hashtag
AL03,Hashtag
AL06,Hashtag
ALERTJAX,Hashtag
AR3,Hashtag
AZSen,Hashtag
ActOnClimate,Hashtag
ActforALS,Hashtag
AffordableCareAct,Hashtag
Alabama,Hashtag
Alamodome,Hashtag
AlaskaLNG,Hashtag
AllGasNoBreak,Hashtag
America,Hashtag
AmericanRescuePlan,Hashtag
Armistace100,Hashtag
BFD,Hashtag
BNAFairnessAct,Hashtag
BREAKING,Hashtag
BackTheBlue,Hashtag
BeAVoter,Hashtag
BeTheLight,Hashtag
Belgium,Hashtag
BetterThanNY,Hashtag
Biden,Hashtag
BidenBorderCrisis,Hashtag
BidenEnergyCrisis,Hashtag
BidenEnergyFailure,Hashtag
BidenEnergyFailures,Hashtag
BidenFlation,Hashtag
BidenInflation,Hashtag
Bidenflation,Hashtag
Bidenomics,Hashtag
BidensAmerica,Hashtag
BigOil,Hashtag
BillsMafia,Hashtag
BipartisanInfrastructureLaw,Hashtag
BorderCrisis,Hashtag
BorderSecurity,Hashtag
BorderlineStrong,Hashtag
BoyleHeights,Hashtag
Brea,Hashtag
BreakTheCycleOfViolenceAct,Hashtag
Breakfastwithacop2022,Hashtag
BrittneyGriner,Hashtag
Brownsville,Hashtag
CA,Hashtag
CA08,Hashtag
CA12,Hashtag
CA13,Hashtag
CA34,Hashtag
CA35,Hashtag
CA38,Hashtag
CA39,Hashtag
CA49,Hashtag
CA51,Hashtag
CBDC,Hashtag
CCP,Hashtag
CGOY,Hashtag
CHCProud,Hashtag
CHIPSAct,Hashtag
CHIPSandScience,Hashtag
CHIPSandScienceAct,Hashtag
CHOP,Hashtag
CJPavilionCOP27,Hashtag
COP26,Hashtag
COP27,Hashtag
COVID19,Hashtag
COVIDAccountability,Hashtag
COVIDHearings,Hashtag
CT01,Hashtag
CYAC,Hashtag
Camden,Hashtag
CancelStudentDebt,Hashtag
CaregivingHappens,Hashtag
Castner4Ever,Hashtag
Champion4Children,Hashtag
ChildTaxCredit,Hashtag
Chinatown,Hashtag
ChinoHills,Hashtag
CityOfChamps,Hashtag
CivicsWithScott,Hashtag
CodifyRoe,Hashtag
CommitmentToAmerica,Hashtag
CommitmenttoAmerica,Hashtag
CommittmentToAmerica,Hashtag
Congress4CS,Hashtag
CongressionalAppChallenge,Hashtag
CongressionalArtCompetition,Hashtag
Core4Stem,Hashtag
CrimeCrisis,Hashtag
CyberSecurity,Hashtag
DCStatehood,Hashtag
DDPW,Hashtag
DOJ,Hashtag
DOOP,Hashtag
DSCEJ,Hashtag
DeedsNotWords,Hashtag
DefendFreedom,Hashtag
Democrats,Hashtag
DemsBelieve,Hashtag
DemsCreateJobs,Hashtag
DiadelosMuertos,Hashtag
DillardHomecoming,Hashtag
DonaldTrump,Hashtag
DriveAlert,Hashtag
DíaDeLosVeteranos,Hashtag
DíadelasElecciones,Hashtag
EJforAll,Hashtag
ENDALZ,Hashtag
EagleRock,Hashtag
EarlyVote,Hashtag
Elección2022,Hashtag
Election2022,Hashtag
ElectionDay,Hashtag
ElectionDay2022,Hashtag
ElectionHeroDay,Hashtag
ElectionIntegrity,Hashtag
ElectionIntegrityCaucus,Hashtag
ElectricVehicles,Hashtag
Elmhurst,Hashtag
Encino,Hashtag
EndGunViolenceNOW,Hashtag
EndTheException,Hashtag
EndoCaucus,Hashtag
Endometriosis,Hashtag
EnergyFreedom,Hashtag
EnergyJobs,Hashtag
EnsuringWomensRightToReproductiveFreedomAct,Hashtag
Everett,Hashtag
ExpandTheCourt,Hashtag
FL02,Hashtag
FL03,Hashtag
FL14,Hashtag
FL9,Hashtag
FY23NDAA,Hashtag
FairDillard,Hashtag
FakeNews,Hashtag
FarmWorkforceModernizationAct,Hashtag
FightingFifth,Hashtag
FightingForThe5th,Hashtag
FinTech,Hashtag
FireKamala,Hashtag
First2Fight,Hashtag
FirstGenWeek,Hashtag
FlagCityHonorFlight,Hashtag
FlipTheSwitch,Hashtag
Florida,Hashtag
FluSeason,Hashtag
Flushing,Hashtag
ForGeorgia,Hashtag
ForLosAngeles,Hashtag
ForThePeople,Hashtag
ForestHills,Hashtag
FoxNews,Hashtag
FreeAlaa,Hashtag
FreeThemAll,Hashtag
Fullerton,Hashtag
GA01,Hashtag
GA03,Hashtag
GA13,Hashtag
GASen,Hashtag
GASenate,Hashtag
GOP,Hashtag
GOTV,Hashtag
GamedayinBozeman,Hashtag
GeauxTigers,Hashtag
GeauxVote,Hashtag
GetCovered,Hashtag
GetOutandVOTE,Hashtag
Glendale,Hashtag
GoBears,Hashtag
GoBlue,Hashtag
GoBucks,Hashtag
GoCats,Hashtag
GoDawgs,Hashtag
GoGreen,Hashtag
GoJacks,Hashtag
GoRU,Hashtag
GoVote,Hashtag
GoZags,Hashtag
GoldStarFamilies,Hashtag
GoogleAlerts,Hashtag
GrabAPaddle,Hashtag
GreatAmericanOutdoorsAct,Hashtag
GreenNewDeal,Hashtag
Gurupurab,Hashtag
HBCUmade,Hashtag
HBCUs,Hashtag
HOMEAct,Hashtag
HappyVeteransDay,Hashtag
HereforHoosiers,Hashtag
Hialeah,Hashtag
HighlandPark,Hashtag
HonoringOurPACT,Hashtag
HouseGOP,Hashtag
Houston,Hashtag
HurricaneIan,Hashtag
HurricaneNicole,Hashtag
Hydrogen,Hashtag
IA01,Hashtag
IA03,Hashtag
IA04,Hashtag
IBEW,Hashtag
ICYMI,Hashtag
IFTvotes,Hashtag
IL15,Hashtag
IN05,Hashtag
IN06,Hashtag
IOOS2022,Hashtag
IVoted,Hashtag
Ian,Hashtag
InFocus,Hashtag
Indiana,Hashtag
InflationReduction,Hashtag
InflationReductionAct,Hashtag
Infrastructure,Hashtag
InfrastructureBill,Hashtag
InfrastructureInvestmentAndJobsAct,Hashtag
IngallsShipbuilding,Hashtag
InternSpotlight,Hashtag
InvestInKids,Hashtag
IoT,Hashtag
Iowa,Hashtag
Israel,Hashtag
JPSS2,Hashtag
JPSS2Launch,Hashtag
Jan6th,Hashtag
JeopardyToC,Hashtag
JerseyStrong,Hashtag
JoshOnTheJob,Hashtag
KS03,Hashtag
KYC,Hashtag
KeepKidsSafe,Hashtag
Kristallnacht,Hashtag
LA02,Hashtag
LA05,Hashtag
LACounty,Hashtag
LAFC,Hashtag
LEGEND,Hashtag
LIHEAP,Hashtag
LIVENOW,Hashtag
LLS,Hashtag
LNG,Hashtag
LaMirada,Hashtag
LaneCoElections,Hashtag
LasVegas,Hashtag
LeahyCenter,Hashtag
LevelUp,Hashtag
LeveledUp,Hashtag
LibertyMedal,Hashtag
LocktheClock,Hashtag
LowcountryFirst,Hashtag
MA02,Hashtag
MA3,Hashtag
MA7,Hashtag
MD08,Hashtag
MDVotes,Hashtag
MDvotes,Hashtag
MI03,Hashtag
MI11,Hashtag
MLSCup,Hashtag
MN01,Hashtag
MN02,Hashtag
MN07,Hashtag
MS02,Hashtag
MadeinMN,Hashtag
MagicMonday,Hashtag
MakeAPlan,Hashtag
MarineCorpsbirthday,Hashtag
Marines,Hashtag
MarkerMonday,Hashtag
MarketplaceOE,Hashtag
Maspeth,Hashtag
McFailure,Hashtag
MedalofHonor,Hashtag
Medicaid,Hashtag
MedicareForAll,Hashtag
MiddleVillage,Hashtag
Midterms,Hashtag
Midterms2022,Hashtag
MilitaryFamilyAppreciationMonth,Hashtag
MilitaryFamilyMonth,Hashtag
MilitaryServiceAcademies,Hashtag
MississippiMonday,Hashtag
NC02,Hashtag
NC06,Hashtag
NC10,Hashtag
NDAA,Hashtag
NDAA22,Hashtag
NE02,Hashtag
NE03,Hashtag
NELA,Hashtag
NJ01,Hashtag
NJ06,Hashtag
NJ11,Hashtag
NJ12,Hashtag
NJVotes,Hashtag
NV03,Hashtag
NVSen,Hashtag
NY05,Hashtag
NY19,Hashtag
NY21,Hashtag
NY22,Hashtag
NY26,Hashtag
NationalAdoptionMonth,Hashtag
NationalEducationDay,Hashtag
NationalGratitudeMonth,Hashtag
NationalHealthySkinMonth,Hashtag
NationalSTEMDay,Hashtag
NationalWarriorCallDay,Hashtag
NationalYoungReadersWeek,Hashtag
NativeAmericanHeritageMonth,Hashtag
NeverForget,Hashtag
NewJersey,Hashtag
NewYork,Hashtag
NextRevFNC,Hashtag
Nicole,Hashtag
NoAmnesty,Hashtag
NoBailout,Hashtag
NoCovidAmnesty,Hashtag
OH03,Hashtag
OH11,Hashtag
OH5,Hashtag
OK05,Hashtag
OORAH,Hashtag
OTD,Hashtag
OklahomaStandard,Hashtag
OnThisDay,Hashtag
OneOnOneWithBarry,Hashtag
OnlyinDistrictOne,Hashtag
OohRah,Hashtag
Oorah,Hashtag
OpenEnrollment,Hashtag
OregonVotes,Hashtag
OutLoudOnPurpose,Hashtag
PA06,Hashtag
PA13,Hashtag
PA15,Hashtag
PA17,Hashtag
PACT,Hashtag
PACTAct,Hashtag
PAMapSpotlight,Hashtag
PART,Hashtag
PBM,Hashtag
PeopleOverPolitics,Hashtag
Philadelphia,Hashtag
Philly,Hashtag
PicoRivera,Hashtag
PoliticsOverPeople,Hashtag
ProblemSolvingDay,Hashtag
ProtectBlackArt,Hashtag
ProtectSocialSecurity,Hashtag
Queens,Hashtag
READ,Hashtag
RESULT,Hashtag
RGV,Hashtag
RamonaGardens,Hashtag
ReadyToVotePA,Hashtag
RedOctober,Hashtag
RedWave,Hashtag
RedWaveComing,Hashtag
RegoPark,Hashtag
RenewableEnergy,Hashtag
RepatriateOurPatriotsAct,Hashtag
Ridgewood,Hashtag
RightToContraceptionAct,Hashtag
Roe,Hashtag
RoeVWade,Hashtag
RoevWade,Hashtag
RollWave,Hashtag
RonDeSantis,Hashtag
Russia,Hashtag
SC01,Hashtag
SNAP,Hashtag
SOFA2022,Hashtag
SRA,Hashtag
STEAM,Hashtag
STEAMDay,Hashtag
STEMDay,Hashtag
SacramentoCounty,Hashtag
SafeZonesAct,Hashtag
SaluteToService,Hashtag
SarbanesStandard,Hashtag
SaveAlaa,Hashtag
Sayfie,Hashtag
SchoolPsychWeek,Hashtag
SchoolPyschWeek,Hashtag
SemperFi,Hashtag
SemperFideli,Hashtag
SemperFidelis,Hashtag
SlavaUkraïni,Hashtag
SleepFirst,Hashtag
SmallBusiness,Hashtag
SoundMoney,Hashtag
SouthSound,Hashtag
SouthsideInvitationals,Hashtag
SpaceSaturday,Hashtag
SpeakOutAct,Hashtag
StandUpForAmerica,Hashtag
StandWithUkraine,Hashtag
StayInLine,Hashtag
SteveBannon,Hashtag
StopTheCartels,Hashtag
SunshineProtectionAct,Hashtag
SupportCaliforniaAgriculture,Hashtag
TBT,Hashtag
TN,Hashtag
TN03,Hashtag
TSNicole,Hashtag
TUNEIN,Hashtag
TX07,Hashtag
TX13,Hashtag
TX19,Hashtag
TX21,Hashtag
TX23,Hashtag
TX24,Hashtag
TX25,Hashtag
TX34,Hashtag
TX38,Hashtag
TampaBay,Hashtag
TeamCarter,Hashtag
TeamCárdenas,Hashtag
TeamGimenez,Hashtag
TeamMD,Hashtag
TeamOwens,Hashtag
TeamRosen,Hashtag
TeamTitus,Hashtag
TeamTorres,Hashtag
TeamTrahan,Hashtag
TeamYoung,Hashtag
Texas,Hashtag
ThankAVeteran,Hashtag
ThankYouForYourService,Hashtag
TheBullardCenter,Hashtag
TheFewTheProud,Hashtag
TheRAPAct,Hashtag
TheVoiceOfThePeople,Hashtag
TodayIsElectionDay,Hashtag
TogetherForImplementation,Hashtag
TogetherWeVote,Hashtag
Treasury,Hashtag
TropicalStormNicole,Hashtag
USMC,Hashtag
USMC247,Hashtag
UT04,Hashtag
UTEnergyCenter,Hashtag
Ukraine,Hashtag
UnionStrong,Hashtag
VA08,Hashtag
VA10,Hashtag
VA11,Hashtag
VFW,Hashtag
VIPAct,Hashtag
VOTA,Hashtag
VOTE,Hashtag
VTvets,Hashtag
VaxUpAmerica,Hashtag
VeniceVikings,Hashtag
Veteran,Hashtag
Veterans,Hashtag
VeteransDay,Hashtag
VeteransDay2022,Hashtag
Vets,Hashtag
VictimsOfCommunismDay,Hashtag
VictimsofCommunismDay,Hashtag
Vote,Hashtag
Vote2022,Hashtag
VoteBlueIn2022,Hashtag
VoteBlueToday,Hashtag
VoteByMail,Hashtag
VoteReady,Hashtag
VoteRed2022,Hashtag
VotingOverViolence,Hashtag
WA02,Hashtag
WI01,Hashtag
WI06,Hashtag
Walnut,Hashtag
WeAreBG,Hashtag
WeAreMarshall,Hashtag
Weekender,Hashtag
WestPhilly,Hashtag
WickerReport,Hashtag
Willowbrook,Hashtag
WomensBillofRights,Hashtag
WomensHealthProtectionAct,Hashtag
WorldAdoptionDay,Hashtag
WorldFreedomDay,Hashtag
WorldImmunizationDay,Hashtag
WorldSeries,Hashtag
ZeroDischarges,Hashtag
abortionbans,Hashtag
americansdeliver,Hashtag
ampFW,Hashtag
astros,Hashtag
backtheblue,Hashtag
bansoffourbodies,Hashtag
biden,Hashtag
bidenflation,Hashtag
biofuels,Hashtag
camdenrising,Hashtag
climate,Hashtag
drugs,Hashtag
election,Hashtag
election2022,Hashtag
electionday,Hashtag
endALS,Hashtag
energy,Hashtag
equitable,Hashtag
fact,Hashtag
fentanylcrisis,Hashtag
fintech,Hashtag
followthescience,Hashtag
freedom,Hashtag
gaetz,Hashtag
gojacks,Hashtag
gunsafety,Hashtag
healthcare,Hashtag
houston,Hashtag
inflation,Hashtag
itsjustdifferenthere,Hashtag
jobs,Hashtag
mepolitics,Hashtag
myDU,Hashtag
ncwx,Hashtag
passport,Hashtag
politicalsciencedenier,Hashtag
publiclands,Hashtag
redwave,Hashtag
rgv956,Hashtag
securetheborder,Hashtag
semperfi,Hashtag
spaceforcecaucus,Hashtag
sustainable,Hashtag
taliban,Hashtag
toastmasters,Hashtag
utpol,Hashtag
veterans,Hashtag
vote,Hashtag
worldfreedomday,Hashtag
