name:ID(Other),:LABEL
-,Other
-Saharan Africa,Other
.C,Other
01,Other
04,Other
13th Amendment,Other
14,Other
173,Other
18,Other
2,Other
2022CAGeneralElection,Other
28,Other
4,Other
5G,Other
988Lifeline,Other
ACA,Other
ACC Champions,Other
AIM Independent Living,Other
AK,Other
AR Military,Other
AR3,Other
ARP,Other
AZZ,Other
Abolition Amendment,Other
Academy,Other
Access Hospital,Other
Act,Other
ActBlue,Other
Adirondacks,Other
Advanced Energy Studies,Other
Advocate for American Business,Other
Affordable Care Act,Other
AgVentures,Other
Agenda,Other
Agricultural Advocate,Other
Agriculture,Other
Agua Es Vida,Other
Air Force COS,Other
Airpower Foundation,Other
Alaska Gasline Development Corp,Other
Alaska Hydrogen Hub,Other
Alex Boehnke,Other
Alfie Alvarado-Ramos,Other
Alfred H. Sidney,Other
Allen AME Church,Other
Alzheimer,Other
Alzheimer’s Center,Other
Alzheimer’s disease,Other
Amelia,Other
Amendment,Other
America Act,Other
American,Other
American Agenda,Other
American Civil War,Other
American Diabetes,Other
American Diabetes Month,Other
American Legion,Other
American Legion Continental Post 1424,Other
American Legion District 10,Other
American Legion Post,Other
American Legion Post 177,Other
American Legion Post 32,Other
American Legions,Other
American Rescue,Other
American Rescue Plan,Other
American Rescue Plan Act,Other
American Revolution,Other
American Revolutionary War,Other
AmericanRescuePlan,Other
Angelenos,Other
Ann,Other
Anthony Piagentini,Other
Apple,Other
Arlington Veterans Day,Other
Armed Forces Classic,Other
Armistice Day,Other
Artes de la Rosa,Other
Assemblymember,Other
Assurance Learning Academy,Other
Astroworld,Other
Atlas Fire Company,Other
Atlas V rocket,Other
Audree,Other
Austin,Other
Aviation Nation,Other
Awaiting,Other
Ayatollah,Other
Ayden,Other
B.F. Sisk Dam Safety,Other
BINGO,Other
BMO Harris New Markets,Other
BRITE,Other
BRUEN,Other
BW Blacksmith,Other
Baby Formula Crisis,Other
Bagel,Other
Baldree Community Center,Other
Baltic Caucus,Other
Barter,Other
Bartholomew County Veterans Treatment Court,Other
Bartlett Veterans Day,Other
Bath American Legion Post,Other
Battle of Argonne,Other
Battle of la Drang,Other
Baya Build,Other
Bean,Other
Becerra,Other
Becky,Other
Bedno,Other
Behavioral Health Crisis Care Centers Act,Other
Ben,Other
Benjamin,Other
Berlin Wall,Other
Betsy,Other
Better Bill,Other
Bharti Desai,Other
Biden,Other
Biden Administration,Other
Biden Diesel Crisis,Other
BidenBorderCrisis,Other
BidenFlation,Other
Bidenflation,Other
Bidenomics,Other
BidensAmerica,Other
Big Bear Lake,Other
Big Brother,Other
Big Lie,Other
Big Pharma,Other
Big Sandy,Other
Big Sandy Organics,Other
Big Tobacco,Other
BigOil,Other
Bill,Other
Binance,Other
Bipartisan,Other
Bipartisan Infrastructure,Other
Bipartisan Infrastructure Law,Other
Bipartisan Safer Communities,Other
Bipartisan Safer Communities Act,Other
Bipartisan Women,Other
BipartisanInfrastructureLaw,Other
Bithiah,Other
Black,Other
Black Friday,Other
Black Hawk,Other
Blackstone Veterans Day,Other
Blue Ribbon Award,Other
Blue Ribbon School Award,Other
Blue Ridge Mountain Post,Other
Blueprint,Other
Board,Other
Bolt Creek Fire,Other
Bon Om Touk,Other
Boozman,Other
Border Crisis,Other
Border Patrol,Other
Borderline,Other
BorderlineStrong,Other
Bouzy,Other
Bowman,Other
Boyardee,Other
BoyleHeights,Other
Bracero,Other
Brawl of the Wild,Other
Breakfastwithacop2022,Other
Brendan,Other
Brian,Other
Brian Thomas Morning Show,Other
Bridewell,Other
Bright Field Middle School,Other
Bright Red Color,Other
Brightline,Other
Broadband,Other
Bronze Star Medal,Other
Brown,Other
Bruce Zuchowski,Other
Bryan Steil,Other
Build,Other
Business,Other
CA Bar,Other
CA-39,Other
CA12,Other
CA13,Other
CA34,Other
CA35,Other
CA38,Other
CBDC,Other
CBP,Other
CCP,Other
CD5,Other
CHIPS,Other
CHIPS Act,Other
CHIPSAct,Other
CJPavilionCOP27,Other
CMSgt,Other
CO2,Other
COP,Other
COP15,Other
COP26,Other
COP27,Other
COVID,Other
COVID 19,Other
COVID amnesty,Other
COVID vaccine,Other
COVID vaccines,Other
COVID-19,Other
COVID-19 vaccine,Other
COVID19,Other
COVIDAccountability,Other
COVIDHearings,Other
CT,Other
CT Veterans Legal Center Saluting Service,Other
CT01,Other
CTC,Other
CTE,Other
Cabrillo High School Aquarium,Other
Cal Poly Wind Ensemble,Other
Caleb Turner,Other
Call,Other
Cambodian,Other
Camie,Other
Cancer Moonshot,Other
Canfield,Other
Canoe,Other
Cantwell,Other
Care Affordability Act,Other
Cars,Other
Casa Esperanza,Other
Casey Atkins,Other
Catheterization Laboratory,Other
Caucus,Other
Celebration,Other
Central Floridians,Other
Challenge,Other
Champion,Other
Champion4Children,Other
Champions,Other
Chann,Other
Chesapeake Mayor’s,Other
Child Development Center,Other
ChildTaxCredit,Other
Chinese Communist,Other
ChinoHills,Other
Chloe,Other
Chris Deluzio,Other
Christmas,Other
Christmas Tree,Other
Cicero Public Library,Other
Cindy Axne,Other
Citizen’s Information Center,Other
City Hall Room 140,Other
City of Brotherly Love,Other
Civil Air Patrol,Other
Civil War,Other
Claim Clinic,Other
Claire Cronin,Other
Claremont Creative Center,Other
Clearway Energy Financial Partners Conference,Other
Clemson Downs Veterans Day,Other
Climate Adaptation Plan,Other
Climate Gender Equity Fund,Other
Clinic,Other
Cmte,Other
Colby Krug,Other
Cold War,Other
Coleburn,Other
Coloradan,Other
Coloradans,Other
Commandant General Berger,Other
Commenta,Other
Commerce,Other
CommitmenttoAmerica,Other
Communism Day,Other
Communities,Other
Community Ventures,Other
Congress4CS,Other
Congressional Gold Medal,Other
Congressional Hispanic Conference,Other
Congressional Squadron,Other
CongressionalAppChallenge,Other
Congresswo,Other
Conley,Other
Conservative Climate Caucus,Other
Constructing Hope,Other
Consumer Financial Education and,Other
Consumer Price Index,Other
Continental Divide National Monument,Other
Contra Costa,Other
Control,Other
Cooling Project,Other
Core4Stem,Other
Corning,Other
Corry Fabrication,Other
Corvallis,Other
Cost,Other
Count von,Other
Court of Appeals,Other
Covid,Other
Cowboys Against Cancer,Other
Cox Oil Company,Other
Crisis,Other
Critical Supply Chain Task Force,Other
Cronin,Other
Crow,Other
Cuban,Other
Cures Act,Other
CyberSecurity,Other
DACA,Other
DAPL,Other
DD214,Other
DDPW,Other
DOJ,Other
DSCEJ,Other
DYK,Other
Daisy Mountain Veterans Parade,Other
Dan Rankin,Other
Danger Zone,Other
Danny K. Davis,Other
Daron Hall,Other
Dave Somers,Other
David,Other
David M. Robinson,Other
Davis,Other
Day,Other
Day Observance,Other
Day Town Hall,Other
Daylight,Other
Dayton Chamber Veterans,Other
Debris,Other
Defender,Other
Defense Health Agency,Other
Del Latta,Other
Delawareans,Other
Democratic,Other
Denise,Other
Dennis Lee Newberry II,Other
Denverites,Other
Derek Sandison,Other
Derrick Paquette,Other
Desert Hot Springs Senior Center,Other
Desert Mission,Other
Desert Storm,Other
Devil Dogs,Other
Diabetes,Other
DiadelosMuertos,Other
Diane,Other
Diesel,Other
Dietrich,Other
DillardHomecoming,Other
Disorder Act,Other
Dobbs,Other
Donna,Other
Dover,Other
Dovetail Landing,Other
Drag,Other
Dream Act,Other
Drive,Other
Drowsy Driving,Other
Duck Creek Pub,Other
Dusty Baker,Other
Dutchess County War Memorial,Other
Día de los Muertos,Other
DíaDeLosVeteranos,Other
E.,Other
ECON 101,Other
EIA,Other
EMMY Award,Other
EMTALA,Other
ESG,Other
Eagle Pass,Other
EagleRock,Other
Earl B,Other
Earth,Other
East Alabama Regional Planning and,Other
East Austin Lions Club Flag,Other
East Valley Veterans Day Parade,Other
Eastern,Other
Eastwick Park Trail,Other
Economic Stabilization Act,Other
Ekonk Community Grange,Other
El Dorado,Other
El Mariachi Grill,Other
Elder Justice Center of,Other
Elección2022,Other
Elect Bean,Other
Election Day,Other
Election Night,Other
Election2022,Other
ElectionDay,Other
ElectionDay2022,Other
ElectionHeroDay,Other
ElectionIntegrityCaucus,Other
Elections Office,Other
Elizabeth Lockhart,Other
Emerging Women of Impact,Other
Emily Timm,Other
Employment,Other
Endometriosis,Other
Energy,Other
Enfield Veterans Day Parade,Other
Enforcement,Other
Ephesians,Other
Equity Business Hub,Other
Eric Prewitt,Other
Esche,Other
European Assure,Other
Exxon,Other
FB,Other
FDR,Other
FEMA,Other
FL-17,Other
FL02,Other
FL03,Other
FL14,Other
FL9,Other
FPL,Other
FPUA,Other
FTC,Other
FTC Act,Other
FTX,Other
FY2023,Other
Facebook,Other
FakeNews,Other
Falfurrias Volunteer,Other
Fall Fling,Other
Farm Bill,Other
Felicia Pecora,Other
Fentanyl Act,Other
Festival,Other
Festival of Lights,Other
Few,Other
Fidelis,Other
FightingFifth,Other
Finn,Other
FireKamala,Other
First World War,Other
FirstGenWeek,Other
Fish,Other
FitzPatrick,Other
Fitzpatrick,Other
Five Bayous,Other
Flatbush,Other
Flint Hills Trail,Other
FlipTheSwitch,Other
Floridians,Other
FluSeason,Other
Focus on Farming Conference,Other
For,Other
ForestHills,Other
Forever an Enchantment,Other
Forgotten War,Other
Fort Garrison Elementary,Other
Foundation Weekend Pre-,Other
Fountain City Classic Parade,Other
Four Corners Primary Care Centers,Other
Fraud Act,Other
FreeAlaa,Other
Freedom,Other
French,Other
Frogman Underwater Demolition,Other
Fuel,Other
G-RAP,Other
GA-04,Other
GA01,Other
GA03,Other
GA13,Other
GASen,Other
GDP,Other
Gadsden,Other
Gallagher,Other
GamedayinBozeman,Other
Garcia,Other
Garry Monk,Other
Garvin Tutt,Other
Gas Infrastructure Project,Other
Gassaway,Other
Gassaway Kroger,Other
Geaux Tigers,Other
GeauxTigers,Other
GeauxVote,Other
Georgia Bulldog,Other
Georgia Delegation,Other
Georgia Democra,Other
Georgia Voter,Other
Gilliam Bar Foundation,Other
GoJacks,Other
GoVote,Other
GoZags,Other
Gold Star,Other
Gold Star Family Float,Other
GoldStarFamilies,Other
Gonzales,Other
Good Friday Agreement,Other
GoogleAlerts,Other
Gorge,Other
Gosar Newsletter,Other
GrabAPaddle,Other
Grain,Other
Grand Marshalls,Other
Grand Strategy Summit,Other
Granite Staters,Other
Grant,Other
Grauerholz,Other
Gray,Other
Great Eighth District,Other
Greater Dallas Veterans Day,Other
Green New Deal,Other
Green Zone,Other
GreenNewDeal,Other
Guardians,Other
Guidry,Other
Gurupurab,Other
HALT,Other
HBCU Caucus Partnership Challenge,Other
HBCUs,Other
HOPE Center,Other
Hall,Other
Hall of Fame,Other
Hamden,Other
Hancock Adams Commons,Other
Harold,Other
Hasco Outlets,Other
Hawaiʻi,Other
Hawkeyes,Other
Health Act,Other
Heart,Other
Heath Robinson PACT Act,Other
Hebert Walter Esche Jr,Other
Heliene,Other
Hemet Fire Department,Other
Hemet Firefighters Association,Other
Hero of Main Street,Other
Heroes of Main Street award,Other
Hershey Rail Park,Other
Hetch Hetchy,Other
Hochul,Other
Homecoming Parade,Other
Homestead Veterans Day Parade,Other
Hometown,Other
Hometown Heroes,Other
Hoosier,Other
Hope,Other
Hosea Helps,Other
House Ocean Caucus,Other
House Oversight Committee,Other
House of Comedy,Other
Hubig’s Pies,Other
Hurrica,Other
Hurricane Hunters,Other
Hurricane Ian,Other
Hurricane Nicole,Other
Hurricane Sandy,Other
HurricaneIan,Other
HurricaneNicole,Other
I,Other
IA01,Other
IA03,Other
IA04,Other
IBEW,Other
ICYMI,Other
IG,Other
IL,Other
IL-04,Other
ISS,Other
Ian,Other
Idabel,Other
Idaho Delegation,Other
InFocus,Other
Independence,Other
Indian Child Welfare Act,Other
Indian Tribal Community,Other
Indian World,Other
Indiana Military Veterans Hall of Fame,Other
Indiana War Memorial,Other
Infinity Middle School,Other
Inflati,Other
Inflation Reduction Act,Other
InflationReductionAct,Other
Infrastructure,Other
Infrastructure Development Grant,Other
Infrastructure Law,Other
IngallsShipbuilding,Other
Innocence Act,Other
Innovation,Other
International Agri-Center Heritage Complex,Other
Internet,Other
IoT,Other
Iraq War,Other
Irondale Chamber of Commerce,Other
Isabelle,Other
It Belongs In The Boot,Other
Ivan Saul Cutler,Other
JFS,Other
JOBS,Other
JPSS2,Other
JPSS2Launch,Other
JT,Other
Jan6th,Other
Jane,Other
Jared,Other
Jay Bhattacharya,Other
Jay Byers,Other
Jennie,Other
Jenniffer González,Other
JeopardyToC,Other
Jeremy Hoffman,Other
Jerry Allan Hurd,Other
Jerseyans,Other
Jesse Brown,Other
Jill,Other
Jill Biden,Other
Joe Kantz,Other
Joe Pojman,Other
John Cohn,Other
John Fetterman,Other
John Murtha Johnstown,Other
Johnson Amendment,Other
Josh Shapiro,Other
JoshOnTheJob,Other
Juab Co,Other
Judge Worton,Other
Justice Award,Other
KYYA,Other
Kai Kahe,Other
Kai Kahele,Other
Kansans,Other
Karri,Other
Katherine,Other
Katie,Other
Katz,Other
Keira,Other
Kenosha,Other
Kenyon,Other
Keri,Other
Kerry,Other
Keystone XL,Other
Keystone XL Pipeline,Other
Kibbe,Other
Kid Appeal,Other
Kim,Other
Kimmel Cultural Campus,Other
Kindig,Other
Kiran,Other
Kirkham,Other
Kissena Park Civic Association,Other
Kit,Other
Kiwanis Club of Casper,Other
Knights of Columbus,Other
Korean War,Other
Korean War Memorial,Other
Korner Lions Club,Other
Kracklin Kamut,Other
Kroger,Other
Kyle Marrero,Other
LA05,Other
LIHEAP,Other
LITE,Other
La Vista Community Foundation,Other
Lakes States Habitat Conservation,Other
Lance Cpl,Other
Landover,Other
Laurel,Other
Lauren DeBeau,Other
LeahyCenter,Other
Leon\nDuval,Other
Leonel J Castillo Community Center,Other
Levinson,Other
Liaison,Other
Liberty Medal,Other
LibertyMedal,Other
Licking Co,Other
Lincoln’s Landing,Other
Line,Other
Lisa Posthumus Lyons,Other
Little Lehigh Redevelopment Project,Other
Littleton Post,Other
Lizeth Chacón,Other
Longevity,Other
Lottery,Other
Lourdes E,Other
Lower Costs,Other
Loy Krathong,Other
Luke Air Force Base,Other
Luncheon,Other
Lynn Underw,Other
MA02,Other
MA3,Other
MA7,Other
MAGA,Other
MCHA,Other
MDVotes,Other
MI03,Other
MI11,Other
MN,Other
MN01,Other
MSM,Other
MTG,Other
MTP,Other
Machinists Institute,Other
MadeinMN,Other
Madison\nJefferson,Other
MagicMonday,Other
Magnus,Other
Mahalo,Other
Main Line Health,Other
Management,Other
Manatee County Veterans Council,Other
Mann,Other
Maple,Other
Marcelle,Other
Marcia,Other
Marianas,Other
Marine,Other
Marines,Other
Marjorie,Other
Mark McBride,Other
MarketplaceOE,Other
Marshall Fire,Other
Martin Kulldorff,Other
Martinez Sportsmen Club,Other
Martinsburg Initiative,Other
Marylander,Other
Mayorkas,Other
McKenna,Other
Medal of Honor,Other
MedalofHonor,Other
Medicaid,Other
Medical Device Summit,Other
Medicare,Other
Merritt Island Wildlife Refuge,Other
Methane,Other
Michael,Other
Migratory Bird Treaty Act,Other
Mike,Other
Military Resource Center,Other
Military Service Academy,Other
Mimi LeClair,Other
Mining Schools,Other
Modine,Other
Modine Manufacturing,Other
Mohawk Northeast,Other
Monica,Other
Montanan,Other
Montclair Chamber of Commerce,Other
Moravec,Other
Mountaineer,Other
Mountaineer Week,Other
Mouthy Old Bat,Other
Muertos Market,Other
NC02,Other
NC06,Other
NC10,Other
NCAA Tournament,Other
NELA,Other
NH,Other
NJ01,Other
NJ06,Other
NJ11,Other
NJVotes,Other
NM,Other
NOAH Adult Day Care Center,Other
NPE,Other
NV03,Other
NY-13,Other
NY21,Other
NY26,Other
Natchitoches,Other
National Alzheimers Awareness Month,Other
National Defense,Other
National Defense Authorization,Other
National Defense Service,Other
National Diabetes,Other
National Elder Fraud,Other
National Environmental Policy Act,Other
National Park Service,Other
National School Psychology Week,Other
National Veterans Day Observance,Other
Native,Other
Native American,Other
Native Heritage Month,Other
Natural,Other
Nazi,Other
Nellis Air Force Base,Other
NeoCity,Other
Nevadans,Other
New Deal,Other
New Dorp Friendship Club,Other
New Hampshire Veterans Home,Other
New Mexico Voter Information Portal,Other
New Orleans American Legion,Other
New Port Richey Rotary Celebration of,Other
Newsmax,Other
Nicolas,Other
Nicole,Other
Nicole Advisory,Other
Nicole Info,Other
Noaa,Other
Noon Lions Club,Other
Nora,Other
Novolex,Other
Nuclear,Other
OH11,Other
OH5,Other
Oahu,Other
Oak Creek Veteran,Other
Observance,Other
Oireactas,Other
Oklahomans,Other
Olga Custodio,Other
Olivia,Other
Om Touk,Other
Omilamis,Other
Ontario Veterans,Other
OohRah,Other
Oorah,Other
Open Enrollment,Other
Operation Hero Miles,Other
Operation Iraqi,Other
Operation Spartan Shield,Other
Operation Stand Down,Other
Orange,Other
Oregon Solar + Storage Conference,Other
Oregonians,Other
Otis Brown Elementary,Other
Outer Continental,Other
Owens,Other
Ozone Transport Proposed,Other
O’ahu,Other
PA06,Other
PA13,Other
PA15,Other
PA17,Other
PACT,Other
PACT Act,Other
PACTAct,Other
PAMapSpotlight,Other
PATROL Act,Other
PBMs,Other
PFAS,Other
PFAS Action Act,Other
PNW,Other
POTUS,Other
PPP Extension Act,Other
PSOB,Other
PTSD,Other
PVD,Other
Pacific Campaign,Other
Pact Act,Other
Paducah,Other
Pamela,Other
Papillion,Other
Parental Rights,Other
Park,Other
Pasco Area Agency,Other
Patsy Mayfield,Other
Paul,Other
Peace River,Other
Peace River Championship,Other
Peach State,Other
Penn,Other
People Act,Other
Permitting,Other
Peter,Other
Peter Anderson,Other
Philippians,Other
Philly,Other
Pierluisi,Other
Pine Ridge Elementary,Other
Pinellas,Other
Poinsett Rice,Other
Police Academy,Other
Port Infrastructure,Other
Pregnant Workers Fairness Act,Other
Promotional,Other
Protected Status,Other
Protection,Other
Protection from,Other
Proverbs,Other
Proximal Origin,Other
Préstamos,Other
Psalm,Other
Purple Heart,Other
Quiz Bowl,Other
REV Act,Other
RGV,Other
RI,Other
ROTC,Other
RPG,Other
RSV,Other
RSVP,Other
RTD,Other
Rampant Crime,Other
Ramsays,Other
Rancho Cordova Youth Center,Other
Rand,Other
Ravenswood Fellowship UMC,Other
Raymond,Other
Red,Other
Red Cross Emer,Other
Red Wave,Other
RedWave,Other
Redmond Central Connector Trail,Other
Reduction,Other
Reduction Act,Other
Redwave,Other
Register of,Other
RenewableEnergy,Other
Republic,Other
Restaurant Revitalization Fund,Other
Retired Enlisted Association,Other
Rev,Other
Revolutionary War,Other
Rhode Islanders,Other
Rick,Other
Rifle,Other
Road,Other
Roberto,Other
Roberto Alvarez Flores,Other
Roberts,Other
Robin,Other
Robinson,Other
Robstown,Other
Robyn James,Other
Rocco Sergi,Other
Roe,Other
RoeVWade,Other
Rogue Systems,Other
Rollo,Other
Ron Cutsinger,Other
Rotary Club,Other
Roy,Other
Royal Poinciana Speaker,Other
Rx,Other
Ryan Higginbotham,Other
S.J.,Other
SBDC,Other
SBDCO,Other
SBF,Other
SCV Senior Center Veterans Day,Other
SLC,Other
SMART,Other
SNAP,Other
SOAR,Other
SOFA2022,Other
SPR,Other
STEM,Other
SWAC Championship,Other
Sagamore,Other
Salsa Bowl XIV,Other
Samuel Debnam,Other
San Fernando Valley Partnership,Other
San Fernando Valley Veterans Day Parade,Other
San Jose Veggie Fest,Other
Sandbags,Other
Sangiacomo Family Winery,Other
Sanitation,Other
Santa Ana Branch,Other
Sarasota,Other
Saratoga Board,Other
Savanna’s Act,Other
Save Democracy Act,Other
Scarlet Knights,Other
Schatz,Other
Schedule,Other
School,Other
School Psychology,Other
School Psychology Week,Other
Science Act,Other
Scott Atlas,Other
Scott Fredricks,Other
Scott Teays Elementary School,Other
SeaTac,Other
Second District,Other
Seeding Rural,Other
Semper,Other
Semper Fi,Other
SemperFi,Other
SemperFideli,Other
SemperFidelis,Other
Sentinel Summit,Other
Sergi,Other
Service,Other
Service Academy,Other
Service Recognition Act,Other
Shaq Moore,Other
Sharla,Other
Sharm El-Sheikh,Other
Sharm el-Sheikh,Other
Shawn Banzhaf,Other
Sheila,Other
Sheila Hixson,Other
Shelley,Other
Shelley Jeoffroy,Other
Shelter,Other
Sicangu Lakota Tribe,Other
Sidney,Other
Silver Star,Other
Siri,Other
Six Triple Eight,Other
Sky Ball Anniversary Gala,Other
Slava Ukraini,Other
SlavaUkraïni,Other
Sleep Foundation,Other
Smile Structure Dentistry,Other
Snohomish Co,Other
Snohomish County Veterans Memorial,Other
SoIlinois,Other
Social Security 2100,Other
Socialism,Other
Soldi,Other
Solemn,Other
Sonoma County Wine Grape Commission,Other
Sonoma Valley Fire,Other
Soquel High,Other
Soros,Other
SoundMoney,Other
Southwest Valley Chamber of Commerce,Other
Space Karen,Other
SpaceSaturday,Other
Spouse,Other
St. John the Apostle Catholic School,Other
St. Mihiel,Other
Star,Other
State Grange,Other
States Reform Act,Other
Stennis,Other
Steven Dolan,Other
Store,Other
Storm Nicole,Other
Strategic Oil Reserve,Other
Subtropical,Other
Subtropical Storm,Other
Subtropical Storm Nicole,Other
Sullivan Law,Other
Summerhill,Other
SunRail,Other
SuperPACs,Other
Surge,Other
Survivor Outreach Services,Other
Swiss Hibiscus,Other
Systems,Other
TBT,Other
TCEQ,Other
TN03,Other
TORNADO,Other
TPS,Other
TRICARE Pharmacy Program,Other
TS Nicole,Other
TSA,Other
TSA Security Threat,Other
TSNicole,Other
TUNEIN,Other
TX State Fair,Other
TX17,Other
TX25,Other
TX34,Other
Tacoma,Other
Tammy,Other
Taquisa Simmons,Other
Tarrant Area Food Bank,Other
Tashina,Other
Tashina Red Hawk,Other
Task Force,Other
Tawni,Other
Tax,Other
Taylor,Other
Taylor Community,Other
Tazaungdaing,Other
Tazaungdaing Festival,Other
TeamCarter,Other
TeamMD,Other
TeamOwens,Other
TeamRosen,Other
TeamTorres,Other
Tech Port of San Antonio,Other
Telltale,Other
Tennessee Fuel,Other
Tennessee Lottery,Other
Texas UIL 6A State Marching Band Championships,Other
The Catch,Other
The Citizen,Other
The Evening Edit,Other
The Fair Share Amendment,Other
The Great Lakes Water Authority,Other
The Guardian,Other
The INT,Other
The Inflation Reduction Act,Other
The Marines,Other
The Natural State,Other
The Pressure,Other
The Proud,Other
The Ripon Forum,Other
The Ripon Forums,Other
The Russian Plot,Other
The Shoe,Other
The Sphere,Other
TheBullardCenter,Other
TheRAPAct,Other
TheVoiceOfThePeople,Other
Theresa Greer,Other
This Is It Soul Food,Other
Thunderbird,Other
Tide,Other
TikTok,Other
Tim Dawsey,Other
Tim Kaine,Other
Time,Other
Tina,Other
Tindall,Other
Tipton American Legion,Other
Token Taxonomy Act,Other
Tornado Watch,Other
Toy Hall of Fame,Other
Transparency,Other
Transportation Company,Other
Treasure State,Other
Trey,Other
Tri-Cities,Other
Tropical,Other
Tropical Storm Nicole,Other
TropicalStormNicole,Other
Truckee Canal Extraordinary Maintenance Project,Other
Tubbs Fire,Other
Tue,Other
Tulsa Veterans Day,Other
Tussing Elementary School,Other
Twitter,Other
UFCW,Other
UNITED STATES MARINE,Other
USDA,Other
USDA Rural,Other
USMC,Other
USMC247,Other
USMCA,Other
USS,Other
USS Circle,Other
USS Greenwood,Other
USS Melville,Other
UTAHNS,Other
UTEnergyCenter,Other
UnionStrong,Other
United States Elections Project,Other
Uyghur Policy Act,Other
V.,Other
VA,Other
VA Owensboro Community,Other
VA Puget Sound Wall of Heroes,Other
VA Richland Outpatient Clinic,Other
VA-04,Other
VA10,Other
VA11,Other
VFW,Other
VFW 7534,Other
VFWs,Other
Van Nuys,Other
Varner,Other
VaxUpAmerica,Other
Vecinos,Other
Vecinos Meeting,Other
VeniceVikings,Other
Vet Ride in the,Other
Veteran,Other
Veterans,Other
Veterans Breakfast,Other
Veterans Breakfast and Resource Fair,Other
Veterans Crisis Line,Other
Veterans Day,Other
Veterans Day D-Day,Other
Veterans Day Proclamation,Other
Veterans History,Other
Veterans History Project,Other
Veterans Infertility Treatment Act,Other
Veterans Resource Center,Other
Veterans of Foreign Wars Post,Other
VeteransDay,Other
Veteran’s,Other
Veteran’s Day,Other
Vets Act,Other
Vicki Hollub,Other
Vicksburg Warren School Districts Academy of Innovation,Other
Vietnam Veterans Memorial,Other
Vietnam War,Other
Vietnam War Commemoration,Other
Virginian,Other
Virginians,Other
Vol,Other
VoteByMail,Other
Voter Service Centers,Other
Vulcan Centaur,Other
WI01,Other
WNIT Champs,Other
WNY,Other
WV,Other
WW2,Other
WWI,Other
WWII,Other
Wabash,Other
Waddington North America factory,Other
Walk,Other
Walker Zimmerman,Other
Wall Street Landlords Act,Other
War Memorial Plaza,Other
Warnock,Other
Warren Center Nursing Home,Other
Warwick,Other
Washington Post,Other
Water Works Park Water Treatment Facility,Other
We Were Soldiers,Other
West Claremont Center,Other
Westmoor Elementary School,Other
What’s the Biggs Idea,Other
White Tank Mountain Detachment,Other
Whitney,Other
Wichita Veterans Day,Other
WickerReport,Other
Wildlife Service,Other
Willem Kirdzik,Other
Williams,Other
Williston Community Builders,Other
Woodards,Other
Woodbridge Middle School,Other
Woodfill,Other
Woonsocket Senior Center,Other
Worcester Free Fare Coalition,Other
Workers,Other
World,Other
World Adoption Day,Other
World Champions,Other
World Freedom Day,Other
World Science Day,Other
World Science Day for,Other
World Series,Other
World Series Champions,Other
World Series Championship,Other
World Series champions,Other
World War,Other
World War II,Other
World War II Memorial,Other
World War II Memorial Prayer Act,Other
WorldFreedomDay,Other
WorldSeries,Other
Wreaths Across America,Other
Written Opinion,Other
YMCA,Other
YouTube,Other
Zadie,Other
Zero-Emission,Other
ZeroDischarges,Other
Zoo Loop Trail,Other
Zuchowski,Other
americanos,Other
and Science Act,Other
behemoth Chamber,Other
bingo,Other
breast,Other
bronchiolitis,Other
camdenrising,Other
cancer,Other
covid,Other
crypto,Other
de Reducción,Other
de Salud Comunitario,Other
dementia,Other
diabetes,Other
ess Harley Davi,Other
flu,Other
from,Other
ght b,Other
he #Red,Other
in the Inflation Reduction Act,Other
l Twitt,Other
methamphetamine,Other
methane,Other
of Distinction,Other
of Farm Bureau Award,Other
paxlovid,Other
s,Other
semperfi,Other
st ,Other
tidal,Other
toastmasters,Other
twitter,Other
’ahu,Other
’s Soccer NCAA Tournament,Other
