name:ID,:LABEL
.,Person
. Fauci,Person
Aaron Bean,Person
Abbott,Person
Abdel Fattah El-Sisi,Person
Abigail Adams,Person
Abraham Lincoln,Person
Achilles,Person
Alejandro Mayorkas,Person
Alex Jones,Person
Alex Maskey,Person
Alex Moss,Person
Alexander,Person
Alexander Lofgren,Person
Alvin Keels,Person
Alysia Johnston,Person
Amado Ante,Person
Amer,Person
Ameri,Person
Ami Bera,Person
Andy Biggs,Person
Anna Paulina Luna,Person
Annie Dog,Person
Antione Waller,Person
Artie Pfefer,Person
Audree Hall,Person
Austin,Person
Austin Davis,Person
Ayanna Pressley,Person
BIDEN,Person
Becky,Person
Ben Carson,Person
Bernard Strickland,Person
Bessie Hendricks,Person
Bethune-Cookman,Person
Beto O’Rourke,Person
Betty,Person
Betty Oglesby,Person
Biden,Person
BidenBorderCrisis,Person
BidenEnergyFailures,Person
BidenFlation,Person
Bidenflation,Person
Bill,Person
Bill Berry,Person
Bill Dunkelberg,Person
Bill Harris,Person
Blackburn,Person
Blumenthal,Person
Bob Casey,Person
Bobby Inman,Person
Bogaerts,Person
Brad Ashford,Person
Brent Jones,Person
Brian,Person
Brian Higgins,Person
Brian Kemp,Person
Brittney,Person
Brittney Griner,Person
BrittneyGriner,Person
Bruce Crandall,Person
Butch Wagner,Person
Byron Donalds,Person
CRISIS,Person
Cal Cu,Person
Carl Watson Jr,Person
Carter,Person
Casey Casanova,Person
Catherine,Person
Catherine Engelbrecht,Person
Charlie Sellars,Person
Cheri Bustos,Person
Chloe,Person
Chris,Person
Chris Amacker,Person
Chris Magnus,Person
Chris Murphy,Person
Chris Van Etten,Person
Christ,Person
CivicsWithScott,Person
Clarence Thomas,Person
Clark,Person
Cleland,Person
Col,Person
Collins,Person
Colonel William “Bill” Austin,Person
Cortez Masto,Person
Cory Booker,Person
Coxwain Jody Murphy,Person
Creighton,Person
Cruz,Person
Cullman,Person
DJ Reyes,Person
DOJ,Person
Dan Shipp,Person
Daniel Burks,Person
Daniel K. Akaka,Person
Daniel Webster,Person
Danny Pellegrini,Person
Danny Werfel,Person
Dave Jensen,Person
David,Person
David Black,Person
David Givens,Person
David Luna,Person
David R. Darling,Person
David Robinson,Person
Davida Stike,Person
DeSantis,Person
Deb Fischer,Person
Debby,Person
Dems,Person
Denise,Person
Dennis Pavlik,Person
Denny Richardson,Person
Devers,Person
Devin Feuerhelm,Person
Dia de los Muertos,Person
Dick Blumenthal,Person
Dillard,Person
Don Cleary,Person
Don Jr,Person
Donald Cohen,Person
Donald Roberts,Person
Donald Trump,Person
DonaldTrump,Person
Douglas,Person
Dow Jones,Person
Dr. King,Person
Dusty Baker,Person
Dwight Evans,Person
Ed,Person
Ed Bidlack,Person
Edgar Ontiveros,Person
Edmund Fitzgerald,Person
Edward A. Ziarnowski,Person
Edward Bedno,Person
El Ahlwardt,Person
Elise Stefanik,Person
Eliz,Person
Elizabeth MacDonald,Person
Elizabeth Warren,Person
Elon Musk,Person
Elsie Cooke-Holmes,Person
Erika Gonzalez,Person
Evan McMullin,Person
Faith Cook,Person
Fauci,Person
Fentanyl,Person
Fernando Lopez,Person
Fidelis,Person
Fogel,Person
Frank Snepp,Person
Franklin Parish,Person
Fred Hansen,Person
Fred Schumacher,Person
Fred Thumith,Person
Frederica Wilson,Person
Gaetz,Person
Gallagher,Person
Gary,Person
Gary Martin,Person
Gene,Person
Gensler,Person
George Cabrera,Person
George Clark,Person
George Hamilton,Person
George Logan,Person
Gil Cisneros,Person
Gina McCarthy,Person
Gordon Hargrove,Person
Gov Hochul,Person
Greg Abbott,Person
Gregg,Person
Gregg Phillips,Person
Guru Nanak,Person
Gwendolyn Brooks,Person
Haaland,Person
Hank Cramer,Person
Harold Good,Person
Harper,Person
Harriet,Person
Harriet Hageman,Person
Harris,Person
Harrison,Person
Harry,Person
Harry Olsen,Person
Harry Truman,Person
Hatred,Person
Hawley,Person
Hayes,Person
Hebron,Person
Henry Li,Person
Herbert Esche,Person
Herschel Walker,Person
Hugh Lamar,Person
Hunter Biden,Person
Ian,Person
Israel,Person
JB Pritzker,Person
JD,Person
Jacob,Person
Jake Sullivan,Person
Jame,Person
James Brown,Person
James Comer,Person
James McGovern,Person
Jamie Cameron,Person
Jamie Ward,Person
Janet Pray,Person
Jared,Person
Jared Schmitz,Person
Jeannette,Person
Jeannette Rankin,Person
Jeff,Person
Jeff Wishik,Person
Jen Easterly,Person
Jen Psaki,Person
Jennifer,Person
Jennifer Wexton,Person
Jenniffer González,Person
Jeremy Peña,Person
Jerry,Person
Jerry Moran,Person
Jerry Pierce,Person
Jesse R. Vidales,Person
Jessie,Person
Jesus,Person
Jewell,Person
Jill Hartman,Person
Jim,Person
Jim Cooper Bill,Person
Jim Crane,Person
Jim Roddy,Person
Jimmy Carter,Person
Joe,Person
Joe Biden,Person
Joe Hackett,Person
Joe Manchin,Person
Joe Tate,Person
John,Person
John Breslin,Person
John Cornyn,Person
John D. Dingell,Person
John Kellogg,Person
John Kerry,Person
John Lewis,Person
John Tanner,Person
John Tanners,Person
John Thune,Person
Johnson,Person
Jon,Person
Jonathan Holloway,Person
Joplin,Person
Joseph C. Titus,Person
Josh Farley,Person
Jud,Person
Judy Ackerman,Person
Justin Verlander,Person
Kaler,Person
Kamala Harris,Person
Kanye West,Person
Kapolei Hale,Person
Kari Lake,Person
Kate Thomas Hendricks,Person
Kathy Griffin,Person
Kathy McLeod,Person
Kaufman,Person
Kelly,Person
Kemp,Person
Ken Graham,Person
Kerry,Person
Ketanji Brown Jackson,Person
Kevin,Person
Kevin Coleman,Person
Kevin McCarthy,Person
Kim,Person
Kim Carew,Person
Kris Hansen,Person
Kristallnacht,Person
Kroger,Person
Kurt Vonnegut,Person
Kyle,Person
Kyle Stern,Person
LBJ,Person
Lamont,Person
Lance Corporal,Person
Larry Hogan,Person
Larsen,Person
Lauren Boebert,Person
Lawrence Miller,Person
Lawrence Robert Oliveira,Person
Lee Zeldin,Person
Lenny Bronner,Person
Leonard Spektor,Person
Leonardo,Person
Lew Watson,Person
Lewis,Person
Lincoln,Person
Lincoln Soldati,Person
Lindsey Graham,Person
Lisa,Person
Lisa Thomas,Person
Liz Cheney,Person
Lonnie Phillips,Person
Lou Pannone,Person
Louis,Person
Louis Harrison,Person
Ludwig von Mises,Person
MI,Person
Maduro,Person
Malley,Person
Mandela Barnes,Person
Marc Fogel,Person
Marcus,Person
Marcus Flowers,Person
MarineCorpsbirthday,Person
Marjorie Taylor Greene,Person
MarkerMonday,Person
Martin Ku,Person
Martin Luther King,Person
María Herrera Magdaleno,Person
Massie,Person
Matt,Person
Matt Gaetz,Person
Matt Ritter,Person
Matt Rosendale,Person
Max Cleland,Person
Mayorkas,Person
McCain,Person
McCarthy,Person
McConnell,Person
McDaniel,Person
McFailure,Person
Melville,Person
Merrick Garland,Person
Michael,Person
Michael Heimall,Person
Michael Yowler,Person
Michaela Romero,Person
Miguel Ceara Hatton,Person
Mike Arcati,Person
Mike Gershowitz,Person
Mike Lee,Person
Milton Friedman,Person
Mitch McConnell,Person
Mitch Snobeck,Person
Monica Bassett,Person
Monica De La Cruz,Person
Monica Lynch,Person
Moore,Person
Morgan,Person
Murphy,Person
NOLES,Person
Nancy Pelosi,Person
Nathan,Person
Ned Kent,Person
Ned Lamont,Person
Nick Hall,Person
Nicole,Person
Obama,Person
ObamaCare,Person
Ohtani,Person
Olga Jacoby,Person
Pam Daniels-Halisi,Person
Pamela Helms,Person
Pat Sheridan,Person
Patrick Marley,Person
Patton,Person
Patty Picard,Person
Paul,Person
Paul Cohen,Person
Paul Pelosi,Person
Paul Smiley,Person
Paul Whelan,Person
Pell Grant,Person
Pelosi,Person
Portman,Person
Pramukh Swami Maharaj,Person
Putin,Person
R.Robinson,Person
Rankin,Person
Raphael,Person
Raphael Warnock,Person
Raymond,Person
Raymond Varner,Person
Raymond Weeks,Person
Reagan,Person
Rein,Person
Renee Wiley,Person
Rev,Person
Reverend Warnock,Person
Rex Gruber,Person
Richard Cohen,Person
Richard J. Israel,Person
Richard Reisch,Person
Rob Esche,Person
Rob Malley,Person
Robert Eden,Person
Robert Garry,Person
Robert Varner,Person
Rodney McMullen,Person
Roe,Person
RoevWade,Person
Ron Desantis,Person
Ron Johnson,Person
RonDeSantis,Person
Ronald Reagan,Person
Rose Hyman,Person
Roy,Person
Roy Drinkard,Person
Rubio,Person
Russ Vought,Person
Ryan,Person
Sameh Shoukry,Person
Samuel Woodfill,Person
Sanders,Person
Santa Clarita,Person
Sarah Raskin,Person
SarbanesStandard,Person
Saule Omarova,Person
Schmitt,Person
Schumer,Person
Scott,Person
Scott Atlas,Person
Sean,Person
Sean Johnson,Person
Sean Penn,Person
Serafina De Los Santos,Person
Sergio Sanchez,Person
Shaheen,Person
Shannon Sidney,Person
Sharon Lee,Person
Shawn,Person
Sheila Jackson Lee,Person
Sherri Zimmerman,Person
Shirley Chisholm,Person
Sisi,Person
Slava Ukraini,Person
Solzhenitsyn,Person
Sonia Sotomayor,Person
Steve,Person
Steve Arnold,Person
Steve Cohen,Person
Steve Tindall,Person
SteveBannon,Person
Storm Nicole,Person
Stros,Person
Sue,Person
Summer Lee,Person
Swaminarayan Mandir,Person
Sylvestre,Person
Sylvestre Primous,Person
Taylor,Person
TeamCarter,Person
TeamGimenez,Person
Ted Cruz,Person
Thatcher,Person
Theary Seng,Person
Thom Tillis,Person
Thomas Byrne,Person
Thomas Jefferson,Person
Tim Horton,Person
Tom,Person
Tom Koch,Person
Tom Verdi,Person
Tom Wood,Person
Tommie Wagstaff,Person
Tony,Person
Tony Cárdenas,Person
Tony Moravec,Person
Trump,Person
Tucker,Person
Ukraini,Person
Vance,Person
Velma Hendrix,Person
Vernon Sloan,Person
Virginia D,Person
Viridi Parente,Person
Vishal Amin,Person
Vladimir Putin,Person
Volodymyr Zelenskyy,Person
Wade,Person
Wade Lewis,Person
Wagstaff,Person
Walker,Person
Walter,Person
Walter Anderson,Person
Walter Cox,Person
Warnock,Person
Wayne,Person
Werfel,Person
Wid Tolman,Person
Wiley,Person
William Butler Yeats,Person
Willy Tolba,Person
Winnie,Person
Winston Churchill,Person
Woody,Person
Woody Williams,Person
Xavier Becerra,Person
Xi,Person
Xi Jin,Person
Xi Jinping,Person
Yevgeny Prigozhin,Person
Yvette Herrell,Person
Zelensky,Person
Zelenskyy,Person
\u2069 ,Person
biden,Person
for ,Person
gaetz,Person
joe biden,Person
kūpuna,Person
mastodon,Person
risi,Person
taliban,Person
trump,Person
ure.,Person
” Cohen,Person
” Harris,Person
