name:ID(TV Shows-ca),:LABEL
American Tarzan,TV Shows
American Tarzan',TV Shows
Catfish: The TV Show,TV Shows
College Basketball,TV Shows
College Football,TV Shows
College GameDay,TV Shows
College GameDay (College Football),TV Shows
Cuéntame Cómo Pasó,TV Shows
Hannity,TV Shows
Line of Duty,TV Shows
Live: College Football,TV Shows
Live: The Masters PGA Tour Golf,TV Shows
MLB Baseball,TV Shows
MLS Soccer,TV Shows
Meet the Press,TV Shows
NBA Basketball,TV Shows
NFL Football,TV Shows
NHL Hockey,TV Shows
Ozark (Netflix),TV Shows
PBS NewsHour,TV Shows
PBS Newshour',TV Shows
Premier League,TV Shows
Sesame Street,TV Shows
The Island : Seuls au monde,TV Shows
The Night of,TV Shows
The State,TV Shows
The Strain,TV Shows
This Week With George Stephanopoulos,TV Shows
WNBA Basketball,TV Shows
